GTIN,EXTERNAL_ID,NAME,STOCK,PRICE,MPN,DESCRIPTION,IMAGE1,IMAGE2,IMAGE3,IMAGE4,IMAGE5,IMAGE6,IMAGE7,IMAGE8,IMAGE9,IMAGE10,IMAGE11,IMAGE12,IMAGE13,IMAGE14,IMAGE15,IMAGE16,CATEGORY,BRAND,COLOR,SIZE,MATERIAL
,diesel-man-blue-1979-sleenker-denim-jeans-blue-31,Diesel Man Blue 1979 sleenker Denim Jeans,1,491.63,,"Diesel Skinny style with a low waist and regular-length, narrow leg from thigh to ankle, designed with a punk-rock attitude in mind. Made from super stretch cotton with partially recycled fibres, this medium blue jean is stonewashed for softness, with handmade whiskers and a tactile 3D finish. Composition: 96% cotton 4% elastomer Made in: Tunisia",https://cdn.shopify.com/s/files/1/0694/0862/0826/files/product-12791-1600833340_87964777-4c1d-4b41-9a79-b1954d522052.png?v=1781158779,https://cdn.shopify.com/s/files/1/0694/0862/0826/files/product-12791-1763104264_e6314762-4743-4c30-9e9e-7db5ce412b37.png?v=1781158779,https://cdn.shopify.com/s/files/1/0694/0862/0826/files/product-12791-446327040_4dca2350-a8a9-44bc-a500-1cf24fede5b9.png?v=1781158779,https://cdn.shopify.com/s/files/1/0694/0862/0826/files/product-12791-1575323299_f7f7a64d-9bcd-4a99-863a-9c215e2a0eeb.png?v=1781158779,https://cdn.shopify.com/s/files/1/0694/0862/0826/files/product-12791-634312631_c2f7b53e-f9a1-4c6a-aed9-df4d545d4756.png?v=1781158779,,,,,,,,,,,,"Jeans, Men",Diesel,Blue,31,
,tramarossa-michelangelo-zip-ss-d515-mens-jeans-6-month-wash-,Tramarossa Michelangelo Zip SS D515 Men's Jeans (6-Month Wash) Blue,1,1072.07,,"Tramarossa Michelangelo Zip SS D515 men's high-waisted jeans in slightly stretch cotton; regular fit, five-pocket style, beige suede logo label on the back. SIZE: W42 COMPOSITION: 87% cotton, 10% T400, 3% elastane WEIGHT: 0.7 kg COLOR: Blue COUNTRY OF ORIGIN: Italy / Romania",https://cdn.shopify.com/s/files/1/0694/0862/0826/files/blau-baumwolle-tramarossa-jeans-60158693-1_2.webp?v=1782297250,https://cdn.shopify.com/s/files/1/0694/0862/0826/files/blau-baumwolle-tramarossa-jeans-60158693-2_2.webp?v=1782297250,,,,,,,,,,,,,,,"Jeans, Men",Tramarossa,Blue,42,
8059024007740,plein-sport-man-hooded-sweatshirt-grey-grey-l,Plein Sport Man Hooded Sweatshirt Grey,1,245.04,,"Hooded sweatshirt, long sleeves, appliqué, contrasting details, logo Composition: 52% cotton, 48% polyester; Season: Autumn; Made in: Jordan",https://cdn.shopify.com/s/files/1/0694/0862/0826/files/Bildschirmfoto2026-06-24um12.11.05.png?v=1782295923,https://cdn.shopify.com/s/files/1/0694/0862/0826/files/Bildschirmfoto2026-06-24um12.11.24.png?v=1782295923,https://cdn.shopify.com/s/files/1/0694/0862/0826/files/Bildschirmfoto2026-06-24um12.11.31.png?v=1782295923,,,,,,,,,,,,,,"Sweatshirts, Men",Plein Sport,Grey,L,
,desigual-handbag-onyx-venecia-2-0-cross-body-bag-white-white,Desigual Handbag Onyx Venecia 2.0 Cross Body Bag White,1,188.89,,"The Desigual Onyx Venecia 2.0 cross body bag is a versatile cross-body bag designed for everyday elegance. This white shoulder bag measures 25 cm wide, 18 cm high, and 13.5 cm deep, weighing just 500 g for effortless carrying. The bag features a detachable handle (45 cm) and a fully adjustable shoulder strap (119–140 cm), allowing you to wear it as a shoulder bag or cross-body style. Crafted from durable polyurethane exterior with a polyester lining, it combines practicality with contemporary design. Includes the bag with tag, shoulder strap, and handle.",https://cdn.shopify.com/s/files/1/0694/0862/0826/files/handtasche-desigual-23saxp72-1001_4.webp?v=1782114319,https://cdn.shopify.com/s/files/1/0694/0862/0826/files/handtasche-desigual-23saxp72-1001_1.webp?v=1782114319,https://cdn.shopify.com/s/files/1/0694/0862/0826/files/handtasche-desigual-23saxp72-1001_2.webp?v=1782114319,https://cdn.shopify.com/s/files/1/0694/0862/0826/files/handtasche-desigual-23saxp72-1001_3.webp?v=1782114319,https://cdn.shopify.com/s/files/1/0694/0862/0826/files/handtasche-desigual-23saxp72-1001.webp?v=1782114319,,,,,,,,,,,,"Handbag, Cross Body Bags",Desigual,White,NOSIZE,
,loro-piana-man-light-polo-in-blue-wool-blue-m,Loro Piana Man Light Polo in Blue Wool,1,969.97,,Loro Piana Short-sleeved polo shirt in 100% wool with button closure. Made in Italy,https://cdn.shopify.com/s/files/1/0694/0862/0826/files/product-16786-1066590645.jpg?v=1780916331,https://cdn.shopify.com/s/files/1/0694/0862/0826/files/product-16786-1708182802.jpg?v=1780916331,https://cdn.shopify.com/s/files/1/0694/0862/0826/files/product-16786-450079935.jpg?v=1780916331,,,,,,,,,,,,,,"Polo Shirts, Polos, Men",loro piana tessuto,Blue,M,
,iceberg-men-laminated-swim-short-blue-blue-xxl,Iceberg Men Laminated Swim Short Blue,2,308.88,,Composition: 100% polyester Color: Rot Manufacturer code: ICE3MBM12 Fit: Regular fit Index: II232M000063804000L Brand: Iceberg,https://cdn.shopify.com/s/files/1/0694/0862/0826/files/unnamed.jpg?v=1781864561,,,,,,,,,,,,,,,,"Swimwear, Boardshorts, Men",Iceberg Beachwear,blue,xxl,
,blauer-mens-sneakers-f3queens01-wax-military-brown-green-43,Blauer Men's Sneakers F3QUEENS01/WAX Military/Brown,1,306.31,,"Lace-up athletic footwear, contrasting details in brown/burgundy, removable footbed, appliqué, logo. Composition: 30% Polyester, 30% Leather, 40% Polyurethane | Season: Spring | Color: Military/Brown | Made in: China",https://cdn.shopify.com/s/files/1/0694/0862/0826/files/4c9b1715329ff593ab99df37636f17cd.webp?v=1779357584,https://cdn.shopify.com/s/files/1/0694/0862/0826/files/c4afef89632cd7ad73517b185a1562b4.webp?v=1779357585,https://cdn.shopify.com/s/files/1/0694/0862/0826/files/41046e24f46b9fa8b44969d9a1d925a0.webp?v=1779357584,https://cdn.shopify.com/s/files/1/0694/0862/0826/files/76e46a98a7428d08baba8f3b931a1a59.webp?v=1779357584,https://cdn.shopify.com/s/files/1/0694/0862/0826/files/F3QUEENS01-WAX_MIL-BRW-Copia-Copia-1536x1162.jpg?v=1779357585,https://cdn.shopify.com/s/files/1/0694/0862/0826/files/7f5853d24fb4738f76254870a360175d.webp?v=1779358073,,,,,,,,,,,"Sneakers, Men",Blauer,green,43,
,burberry-leather-wallet-black-black-one-size,Burberry Leather Wallet Black,1,1557.06,,"Crafted in Italy, this Burberry leather wallet combines refined elegance with practical functionality. Designed for women, it features a secure zip fastening and thoughtfully organized interior with dedicated credit card slots, a documents compartment, and a coin purse. Compact dimensions (19.5 × 10.5 × 2 cm) make it perfect for everyday carry or evening occasions.",https://cdn.shopify.com/s/files/1/0694/0862/0826/files/black-leather-burberry-wallet-63701796-1_2_1.webp?v=1779348500,https://cdn.shopify.com/s/files/1/0694/0862/0826/files/black-leather-burberry-wallet-63701796-3_2_1.webp?v=1779348500,https://cdn.shopify.com/s/files/1/0694/0862/0826/files/black-leather-burberry-wallet-63701796-2_2_1.webp?v=1779348500,,,,,,,,,,,,,,Wallets,Burberry,Black,ONE SIZE,
,napapijri-sneakers-men-yellow-yellow-43,Napapijri Sneakers Men Yellow,1,306.31,,"Material and care Upper material: Leather - Suede, Textile - Textile Contains non-textile parts of animal origin: YES Outsole: High quality synthetic material Insole: Textile Lining: Textile Style and design Other: Textile laces Heel shape: Flat Closure type: Laces Trends: Pastel Toe shape: Round Removable insoles: No Composition: 50% Polyester, 50% Polyurethane, Composition: Spring, Made in: China",https://cdn.shopify.com/s/files/1/0694/0862/0826/files/1777029591.webp?v=1779267266,https://cdn.shopify.com/s/files/1/0694/0862/0826/files/1777029591_2.webp?v=1779267266,https://cdn.shopify.com/s/files/1/0694/0862/0826/files/1777029591_1.webp?v=1779267266,,,,,,,,,,,,,,"Sneakers, Men",Napapijri,yellow,43,
,people-of-shibuya-nagara-pm801-jacket-blue-blue-56,People of Shibuya NAGARA PM801 Jacket Blue,1,433.93,,"Discover the People of Shibuya jacket in blue — People of Shibuya hooded jacket made of technical fabric, two-pocket design, feather stuffed. Hood Pockets Made in Italy Add this People of Shibuya piece to your wardrobe and experience Italian craftsmanship firsthand.",https://cdn.shopify.com/s/files/1/0694/0862/0826/files/large_dbeb129c-d442-4e79-b6e6-a1bf5ac7beb5.jpg?v=1773675480,https://cdn.shopify.com/s/files/1/0694/0862/0826/files/large_33d26999-c247-4d61-8108-1815a0c81994.jpg?v=1773675486,https://cdn.shopify.com/s/files/1/0694/0862/0826/files/large_89d39e84-12de-40ab-a572-243b49d8e634.jpg?v=1773675487,https://cdn.shopify.com/s/files/1/0694/0862/0826/files/large_cfe4b2c9-fd42-48c3-97d1-8780f3a0bc3c.jpg?v=1773675487,https://cdn.shopify.com/s/files/1/0694/0862/0826/files/large_ed901bfe-5cc7-481d-b29a-747fcfce8697.jpg?v=1773675488,,,,,,,,,,,,"Jackets, Coats & Jackets",people of shibuya,Blue,56,
,people-of-shibuya-hoshi-pm802-black-jacket-black-50,People of Shibuya HOSHI PM802 Black Jacket,1,413.51,,"People Of Shibuya padded jacket with thermal insulation in technical fabric, blue colour. Side pockets, zip and button front fastening. Composition: 100% Polyester Made in: China",https://cdn.shopify.com/s/files/1/0694/0862/0826/files/large_fd865515-6d99-4d2b-b732-8f958c974d4f.jpg?v=1773674208,https://cdn.shopify.com/s/files/1/0694/0862/0826/files/large_a99bae0d-6f3c-4608-8c46-f0be05b0f28b.jpg?v=1773674214,https://cdn.shopify.com/s/files/1/0694/0862/0826/files/large_50bd061a-6459-49fc-aa0d-68f3d0dec4a8.jpg?v=1773674214,,,,,,,,,,,,,,"Jackets, Coats & Jackets",people of shibuya,Black,50,
8059579095339,dolce-gabbana-black-nylon-logo-bomber-jacket-black-52,DOLCE & GABBANA Black Nylon Logo Bomber Jacket,1,2128.18,,"Discover timeless Italian craftsmanship with this DOLCE & GABBANA black nylon bomber jacket. Featuring a full-zip closure, dual front pockets, and interior storage, this essential piece showcases signature logo detailing. Constructed entirely from premium nylon with matching lining, it delivers both style and durability. Made in Italy. Tag size IT52. Model: Bomber jacket Color : Black Full zipper closure Two front pockets and two inside pockets Logo details Made in Italy Material : 100% Nylon Lining: 100% Nylon",https://cdn.shopify.com/s/files/1/0694/0862/0826/files/s-l1600_11.webp?v=1772963364,https://cdn.shopify.com/s/files/1/0694/0862/0826/files/s-l1600_14.webp?v=1772963364,https://cdn.shopify.com/s/files/1/0694/0862/0826/files/s-l1600_13.webp?v=1772963364,https://cdn.shopify.com/s/files/1/0694/0862/0826/files/s-l1600_16.webp?v=1772963364,,,,,,,,,,,,,"Jackets, Coats & Jackets",Dolce & Gabbana,Black,52,
,dolce-gabbana-dark-blue-logo-crown-cotton-crew-neck-t-shirt-,Dolce & Gabbana Dark Blue Logo Crown Cotton Crew Neck T-shirt,1,530.93,,"Elevate your everyday wardrobe with this iconic Dolce & Gabbana crew neck t-shirt, crafted from premium 100% cotton in a sophisticated dark blue. Featuring the brand's signature logo crown print, this regular-fit short-sleeve essential combines Italian craftsmanship with timeless style. Perfect for layering or wearing solo, it's a versatile luxury piece that effortlessly transitions from casual to refined occasions. Art#: G8IW5T G7OHN Model: Short sleeve crew neck t-shirt Colour: Dark Blue Material: 100% Cotton Fitting: Regular Fit Logo details Made in Italy",https://cdn.shopify.com/s/files/1/0694/0862/0826/files/Bildschirmfoto2026-03-04um13.00.52.png?v=1772625820,https://cdn.shopify.com/s/files/1/0694/0862/0826/files/Bildschirmfoto2026-03-04um13.01.17.png?v=1772625820,https://cdn.shopify.com/s/files/1/0694/0862/0826/files/Bildschirmfoto2026-03-04um13.01.10.png?v=1772625820,https://cdn.shopify.com/s/files/1/0694/0862/0826/files/Bildschirmfoto2026-03-04um13.01.03.png?v=1772625820,,,,,,,,,,,,,T-Shirts,Dolce & Gabbana,Blue,IT52 | XL,
,dolce-gabbana-beige-hazelnut-silk-shortsleeve-shirt-t-shirt-,Dolce & Gabbana Beige Hazelnut Silk Shortsleeve Shirt T-shirt,1,707.03,,"Dolce & Gabbana T-shirt crafted in Italy from 100% premium silk, this piece offers a silky soft feel and a subtle sheen in a refined white-beige hazelnut color. The classic crew neck and short sleeves provide timeless style with an elevated finish. Model: Shortsleeves T-shirt Color: white-beige hazelnut / grey Material: 100% Silk Fitting: Regular Fit Logo details Made in Italy",https://cdn.shopify.com/s/files/1/0694/0862/0826/files/Bildschirmfoto2026-03-04um12.44.09.png?v=1772624875,https://cdn.shopify.com/s/files/1/0694/0862/0826/files/Bildschirmfoto2026-03-04um12.45.03.png?v=1772624875,https://cdn.shopify.com/s/files/1/0694/0862/0826/files/Bildschirmfoto2026-03-04um12.44.53.png?v=1772624875,https://cdn.shopify.com/s/files/1/0694/0862/0826/files/Bildschirmfoto2026-03-04um12.44.46.png?v=1772624875,https://cdn.shopify.com/s/files/1/0694/0862/0826/files/Bildschirmfoto2026-03-04um12.44.33.png?v=1772624875,https://cdn.shopify.com/s/files/1/0694/0862/0826/files/Bildschirmfoto2026-03-04um12.44.17.png?v=1772624875,,,,,,,,,,,T-Shirts,Dolce & Gabbana,Grey,IT50 | L,
8057765946854,comme-des-fuckdown-beige-hat-marrone,Comme des Fuckdown Beige Hat,1,153.15,,Comme des Fuckdown acrylic knit hat with embossed logo embroidery,https://cdn.shopify.com/s/files/1/0694/0862/0826/files/large_15dd2b5b-c942-47f6-80b6-26028943add1.jpg?v=1769532399,https://cdn.shopify.com/s/files/1/0694/0862/0826/files/large_6f95c3a6-badd-4a61-989c-ac6ef419f936.jpg?v=1769532405,https://cdn.shopify.com/s/files/1/0694/0862/0826/files/large_4bbbe1e2-90b0-4f36-a454-7eaed8bce8b0.jpg?v=1769532406,,,,,,,,,,,,,,Hats,Comme Des Fuckdown,marrone,,
4062063389481,adidas-ozweego-w-fw2736-violet-women-sneakers-white-40,Adidas OZWEEGO W FW2736 Violet Women Sneakers,1,431.36,,"Adidas OZWEEGO W FW2736 in striking violet delivers contemporary sneaker design with a synthetic and suede upper for refined texture contrast. The fabric-lined interior ensures comfort throughout the day, while the rubber sole provides reliable traction and durability. With a modest 2.5 cm heel and 1.5 cm platform, this silhouette maintains a grounded aesthetic. Note that this style runs small—sizing up is recommended for an optimal fit. Type: Sneakers Upper: synthetic material suede Internal lining: fabric Sole: rubber Heel height cm: 2.5 Platform height cm: 1.5 Details: fits small",https://cdn.shopify.com/s/files/1/0694/0862/0826/files/936054f0-c62c-11f0-9d0f-ff047a06e79e.jpg?v=1770711203,https://cdn.shopify.com/s/files/1/0694/0862/0826/files/a16d2230-c62c-11f0-9d0f-ff047a06e79e.jpg?v=1770711202,https://cdn.shopify.com/s/files/1/0694/0862/0826/files/9d3f7e10-c62c-11f0-9d0f-ff047a06e79e.jpg?v=1770711203,,,,,,,,,,,,,,"Sneakers, Women",Adidas,White,40,
8059715751181,add-piumino-long-beige-down-womens-jacket-beige-42,Add Piumino long beige down women's jacket,1,1084.86,,"Sophisticated long down jacket in technical polyamide, featuring a streamlined silhouette with snap button detailing and dual-slider zipper system. The adjustable belt refines the waist while the hooded collar provides enhanced coverage. Insulated with premium 95% goose down and 5% duck down for superior warmth and lightweight comfort. Expertly crafted in China. Composition: 100% Polyamide Made in: China",https://cdn.shopify.com/s/files/1/0694/0862/0826/files/large_cf43f729-20de-463b-883d-dd1b5454b388.jpg?v=1769535683,https://cdn.shopify.com/s/files/1/0694/0862/0826/files/large_39c1da86-4020-4718-9757-0e36337b9305.jpg?v=1769535689,,,,,,,,,,,,,,,"Jackets, Coats & Jackets, Women",add,beige,42,
8059792134402,prada-black-leather-oxfords-and-derbies-black-38,Prada Men’s Leather Oxfords and Derbies,1,1937.24,,Men’s leather oxfords and derbies designed with a round toe and a structured profile. Features a rubber sole and a raised heel suitable for everyday wear. Material: Leather Sole: Rubber Toe shape: Round toe Heel height: 5 cm Primary color: Black MPN: 1E280N055050F0967 Gender: Men,https://cdn.shopify.com/s/files/1/0694/0862/0826/files/1-front_3.jpg?v=1765792759,https://cdn.shopify.com/s/files/1/0694/0862/0826/files/3-detail_3.jpg?v=1765792759,https://cdn.shopify.com/s/files/1/0694/0862/0826/files/2-side_3.jpg?v=1765792759,,,,,,,,,,,,,,"Flats, Men",Prada,Black,38,
8059792050443,prada-leather-brown-knee-high-boots,Prada Leather Knee-High Boots – Brown,1,4144.14,,"Knee-high boots crafted from leather with a round toe design. Features a leather and rubber sole and a heel height of 9 cm. Finished in brown with cognac as a secondary color. Product type Knee-high boots Primary color Brown Secondary color Cognac Material Leather Sole material Leather, rubber Heel height 9 cm Toe shape Round toe",https://cdn.shopify.com/s/files/1/0694/0862/0826/files/8338533_1800x1800_2906db14-0444-4ba8-9e49-8bd9a33a27e8.webp?v=1765790727,https://cdn.shopify.com/s/files/1/0694/0862/0826/files/8338586.webp?v=1765790728,https://cdn.shopify.com/s/files/1/0694/0862/0826/files/8338554_1800x1800_d4525d47-6b22-4bc2-aa82-3dc92bcbb249.webp?v=1765790728,,,,,,,,,,,,,,Boots,Prada,,,
,yes-zee-womens-blue-quilted-coat-jacket-blu-xs,YES ZEE WOMEN'S BLUE QUILTED COAT JACKET,1,280.78,,"Yes Zee women’s jacket made from technical fabric. Features a drawstring hood, external pockets, and front zip fastening. Product type: Jacket Color: As shown Material: Polyester Hood: Drawstring hood Pockets: External pockets Closure: Front zip fastening Gender: Women",https://cdn.shopify.com/s/files/1/0694/0862/0826/files/product-11208-1596339519.jpg?v=1765454764,https://cdn.shopify.com/s/files/1/0694/0862/0826/files/product-11208-404217943.jpg?v=1765454871,https://cdn.shopify.com/s/files/1/0694/0862/0826/files/product-11208-1107276279.jpg?v=1765454871,https://cdn.shopify.com/s/files/1/0694/0862/0826/files/product-11208-2033443000.jpg?v=1765454871,https://cdn.shopify.com/s/files/1/0694/0862/0826/files/product-11208-927301912.jpg?v=1765454871,,,,,,,,,,,,"Coat, Coats & Jackets, Women",Yes Zee,blu,XS,
,parajumpers-pharrell-hooded-bomber-jacket-nero-xl,PARAJUMPERS Nero Hoody Bomber Jacket,1,1864.26,,"Dive into the world of outdoor fashion with the Parajumpers Nero Hoody Bomber Jacket, a true testament to the timeless appeal of the Sheen family's iconic design. This versatile, down-filled jacket, crafted from a luxurious blend of 60% polyester and 40% polyamide, is more than just a piece of outerwear—it's a statement of style and functionality. The Nero Hoody Bomber Jacket boasts a 100% duck down filling, ensuring warmth and comfort in the chilliest of climates. Its shiny finish not only adds a touch of elegance but also showcases the high-quality craftsmanship that Parajumpers is known for. The jacket's simple yet sophisticated design makes it a wardrobe essential for those who appreciate the beauty of minimalism. Featuring an adjustable drawstring hood, the Nero Hoody Bomber Jacket offers versatile protection against the elements. The front closure is conveniently secured with a two-way zip, allowing for easy on and off. With two outer zippered pockets and two inner pockets, you'll have ample space to keep your essentials close at hand. The jacket's thoughtful design includes ribbed cuffs and a bottom, ensuring a snug fit that keeps the cold out while maintaining a sleek silhouette. The iconic Parajumpers patch on the sleeve and the vibrant yellow tape closure at the neck add a touch of personality, making this jacket a true conversation starter. Available in the XL size, the Nero Hoody Bomber Jacket is the perfect addition to your outdoor wardrobe. With four available images showcasing its impeccable design, you're sure to find the perfect jacket to elevate your style and keep you warm and comfortable on your next adventure. SHELL: 60% POLYESTER 40% POLYAMIDE LINING 1: 100% POLYAMIDE FILL: 100% DUCK DOWN",https://cdn.shopify.com/s/files/1/0694/0862/0826/files/1223217_1.jpg?v=1765449902,https://cdn.shopify.com/s/files/1/0694/0862/0826/files/1223218_1.jpg?v=1765449902,https://cdn.shopify.com/s/files/1/0694/0862/0826/files/199489Parajumpers_Heren_pmjckx13_710_pencil_3_2.jpg?v=1765450300,https://cdn.shopify.com/s/files/1/0694/0862/0826/files/539072Parajumpers_Heren_Pharrell_Bomberjack_capuchon_Zwart_3.jpg?v=1765450300,,,,,,,,,,,,,"Jackets, Coats & Jackets",Parajumpers,nero,XL,
,baldinini-trend-men-wool-blue-suit-blue-it58,Baldinini Trend Men Wool Blue Suit,1,927.84,,"Tailored for the discerning gentleman, this Baldinini Trend wool suit combines refined craftsmanship with contemporary elegance. Constructed from 100% pure wool in a sophisticated blue tone, it features a streamlined slim fit that flatters the modern silhouette. The jacket showcases button fastening and long sleeves, while the signature Baldinini logo adds a touch of prestige. The solid color palette ensures versatility for both boardroom and evening occasions, making it an essential investment piece for any luxury wardrobe. Gender: Man Type: Men suit Fastening: buttons Sleeves: long Material: wool 100% Pattern: solid colour Fit: slim Details: visible logo",https://cdn.shopify.com/s/files/1/0694/0862/0826/files/dce74c30-9c4f-11ef-817d-a3eaadeac006.jpg?v=1764323754,https://cdn.shopify.com/s/files/1/0694/0862/0826/files/e9d9cfd0-9c4f-11ef-817d-a3eaadeac006.jpg?v=1764323755,https://cdn.shopify.com/s/files/1/0694/0862/0826/files/e6226d20-9c4f-11ef-817d-a3eaadeac006.jpg?v=1764323755,,,,,,,,,,,,,,"Suits, Men",Baldinini Trend,Blue,IT58,
,dolce-gabbana-brown-leather-fur-button-biker-coat-mens-jacke,Dolce & Gabbana Brown Leather Fur Button Biker Coat Men's Jacket,1,10118.22,,"This Dolce & Gabbana biker jacket exemplifies Italian craftsmanship with its supple lambskin leather construction and distinctive fur-trimmed collar. The streamlined silhouette features a full-length zipper, six functional pockets for practicality, and signature branding throughout. Meticulously tailored in Italy, this brown leather piece delivers timeless edge with refined luxury detailing—an essential investment for the discerning wardrobe. Model: Biker collared jacket Color: Brown Material: 100% Lambskin Leather Full zipper closure Four outside pockets and two inside pockets Logo details Made in Italy",https://cdn.shopify.com/s/files/1/0694/0862/0826/files/8809424.webp?v=1764318839,https://cdn.shopify.com/s/files/1/0694/0862/0826/files/8809408.webp?v=1764318839,https://cdn.shopify.com/s/files/1/0694/0862/0826/files/8809414.webp?v=1764318839,https://cdn.shopify.com/s/files/1/0694/0862/0826/files/8809417.webp?v=1764318840,https://cdn.shopify.com/s/files/1/0694/0862/0826/files/8809423.webp?v=1764318839,,,,,,,,,,,,"Coat, Coats & Jackets, Men",Dolce & Gabbana,Brown,IT44,
8056454261506,dolce-gabbana-gray-wool-stretch-formal-slim-fit-pants-grey-5,Dolce & Gabbana Grey Stretch Formal Trousers,1,628.01,,"Dive into the epitome of Italian sartorial excellence with Dolce & Gabbana's Grey Stretch Formal Trousers, a masterpiece that embodies the essence of Milanese craftsmanship. These trousers are not merely a piece of clothing; they're a statement of sophistication, designed to elevate your wardrobe with their timeless elegance. Crafted with a meticulous eye for detail, these slim-fit trousers are made from a luxurious blend of 97% wool and 3% elastane, ensuring a responsive comfort that complements your movements without compromising on style. The grey wool composition is not just a color choice; it's a nod to the versatility and understated chic that Dolce & Gabbana is renowned for. The trousers boast a structured fit that flatters the figure, with a waist measurement of 50 cm and a front rise of 24 cm, offering a tailored silhouette that's both flattering and fashion-forward. The 100 cm inseam ensures a perfect length that's ideal for various occasions. What sets these trousers apart is the signature logo detailing, a hallmark of Dolce & Gabbana's luxury pedigree. This logo, along with the trousers' unworn condition and original packaging, underscores their collectible status, making them an investment piece for the discerning fashionista. Model: Dress Pants trousers Color: Gray Fitting: Slim fit Material: 97% Wool, 3% Elastane Button and zip fly closure Measurements: Waist: 50 cm Front rise: 24 cm Inseam: 100 cm Made in Italy, these Grey Stretch Formal Trousers are a testament to Dolce & Gabbana's commitment to quality and elegance. With three available images to showcase their impeccable design, these trousers are a must-have for anyone looking to add a touch of Italian luxury to their wardrobe.",https://cdn.shopify.com/s/files/1/0694/0862/0826/files/s-l1600_4.webp?v=1763974255,https://cdn.shopify.com/s/files/1/0694/0862/0826/files/s-l1600_6.webp?v=1763974256,https://cdn.shopify.com/s/files/1/0694/0862/0826/files/s-l1600_5.webp?v=1763974256,,,,,,,,,,,,,,Trousers,Dolce & Gabbana,Grey,54,
0196176650139,jimmy-choo-gian-womens-black-satin-sandals-black-37,Jimmy Choo Platform Sandals,1,2955.81,,"Discover the epitome of sophisticated style with the Jimmy Choo Sandals, a masterpiece of elegance that effortlessly blends luxury with comfort. These sandals are a testament to the iconic design philosophy of Jimmy Choo, featuring a refined black satin exterior that exudes a timeless charm. The Gian sandal's signature aesthetic is brought to life through the use of premium materials and a meticulous construction process, ensuring a perfect balance between fashion and functionality. The model boasts a sleek, high-heeled design with a 14 cm heel height, offering a statuesque silhouette that complements any outfit. The square toe and buckle closure add a touch of modern flair, while the 4 cm external plateau and leather shoe sole provide the necessary support for all-day wear. Crafted from the finest leather, these sandals are not just a statement piece but also a durable investment for your wardrobe.",https://cdn.shopify.com/s/files/1/0694/0862/0826/files/8339069.jpg?v=1763973184,https://cdn.shopify.com/s/files/1/0694/0862/0826/files/8339083.jpg?v=1763973184,https://cdn.shopify.com/s/files/1/0694/0862/0826/files/8339097.jpg?v=1763973184,https://cdn.shopify.com/s/files/1/0694/0862/0826/files/8339115.jpg?v=1763973184,https://cdn.shopify.com/s/files/1/0694/0862/0826/files/8339135.jpg?v=1763973184,,,,,,,,,,,,Sandals,Jimmy Choo,Black,37,
,dolce-gabbana-red-cotton-xoxo-polo-t-shirt-red-l,Dolce & Gabbana Men's Red XOXO Print Polo Shirt,1,2998.71,,"The perfect blend of style and elegance with red and black silk-blend Heart-Print Polo Shirt from Dolce & Gabbana. Featuring a unique heart print, classic polo collar, and ribbed edges, this shirt is perfect for any occasion. Model: Short-sleeved polo shirt Color: Red Material: 56% silk, 26% polyurethane, 11% nylon, 7% polyester Fit: Regular fit Button closure Logo details Made in Italy",https://cdn.shopify.com/s/files/1/0694/0862/0826/files/s-l1600_f65a1f9c-9ee1-4d60-b90a-80fc29316035.webp?v=1785877609,https://cdn.shopify.com/s/files/1/0694/0862/0826/files/s-l1600_2_4f4bd089-7e70-4821-b24e-8977f73cb289.webp?v=1785877609,https://cdn.shopify.com/s/files/1/0694/0862/0826/files/s-l1600_1_13ef100e-af97-4f77-8dcb-9d669543a6f2.webp?v=1785877609,,,,,,,,,,,,,,"Polo Shirts, Polos, Men",Dolce & Gabbana,Red,L,
,tommy-hilfiger-alaska-black-polyester-women-puffer-jacket-m,Tommy Hilfiger Alaska Black Polyester Women Puffer Jacket,1,587.09,,"Tommy Hilfiger Alaska Black Polyester Women Puffer Jacket. Equipped with 2 external pockets and an internal one, it promises practicality on the go. The zip closure and smart application detail with the iconic logo add an extra touch of class, all crafted in 95% eco-conscious recycled polyester. Be bold, be trendy, be unmistakably Tommy. Color: Black Material: 100% Polyester Country of origin: VN",https://cdn.shopify.com/s/files/1/0694/0862/0826/files/black-polyester-tommy-hilfiger-jacket-59004166-1_2_9dbd5e92-7a93-4abd-b7de-00f92f156c16.webp?v=1763723256,https://cdn.shopify.com/s/files/1/0694/0862/0826/files/black-polyester-tommy-hilfiger-jacket-59004166-3_2_75a3611d-fd9e-4983-bbd3-59e2714576a9.webp?v=1763723256,https://cdn.shopify.com/s/files/1/0694/0862/0826/files/black-polyester-tommy-hilfiger-jacket-59004166-2_2_c2df1f28-3317-4715-a5bb-e7a243e3e050.webp?v=1763723256,,,,,,,,,,,,,,"Jackets, Puffer Jackets, Women",Tommy Hilfiger,,M,
,yes-zee-men-wool-green-down-jacket-green-l,Yes Zee Men Wool Green Down Jacket,1,352.25,,"Yes Zee wool and technical fabric down jacket with hood and drawstring. Button and zip closure, front pockets and one inside pocket. Composition:50% polyester 50% wool Made in: China",https://cdn.shopify.com/s/files/1/0694/0862/0826/files/large_1fbe3e07-ae3e-4bc0-ad02-61024c09b1bf.jpg?v=1763586100,https://cdn.shopify.com/s/files/1/0694/0862/0826/files/large_0e38989a-4ba8-403c-8f33-831d07e79d9c.jpg?v=1763586105,https://cdn.shopify.com/s/files/1/0694/0862/0826/files/large_e349d407-e2a1-4af4-ae06-ef6d18513783.jpg?v=1763586106,https://cdn.shopify.com/s/files/1/0694/0862/0826/files/large_fbc9f17f-880c-41ea-a031-761cd69b67c7.jpg?v=1763586106,https://cdn.shopify.com/s/files/1/0694/0862/0826/files/large_01efe0de-10f5-49cc-8897-3608d92efaae.jpg?v=1763586107,,,,,,,,,,,,"Down Jacket, Coats & Jackets, Men",Yes Zee,Green,L,
,centogrammi-men-ultralight-hooded-down-jacket-grey-m,Centogrammi Men Ultralight Hooded Down Jacket,1,638.14,,"Centogrammi ultralight hooded down jacket, reversible design, dove grey on one side and brown on the other, zip fastening, filled with duck down. 90% Duck Down 10% Duck Feather.",https://cdn.shopify.com/s/files/1/0694/0862/0826/files/beige-polyamide-non-signe-unsigned-jacket-58955378-2_3.webp?v=1763719074,https://cdn.shopify.com/s/files/1/0694/0862/0826/files/beige-polyamide-non-signe-unsigned-jacket-58955378-5_3.webp?v=1763719074,https://cdn.shopify.com/s/files/1/0694/0862/0826/files/beige-polyamide-non-signe-unsigned-jacket-58955378-4_3.webp?v=1763719074,https://cdn.shopify.com/s/files/1/0694/0862/0826/files/beige-polyamide-non-signe-unsigned-jacket-58955378-3_3.webp?v=1763719075,,,,,,,,,,,,,"Down Jacket, Coats & Jackets, Men",Centogrammi,Grey,M,
8053000041605,woolrich-men-cleveland-parka-jacket-black-black-xxl,"Woolrich ""Cleveland"" Down Parka Jacket Black",1,2220.72,,"Built for serious weather protection, the Woolrich Men ""Cleveland"" Parka delivers heritage craftsmanship with modern performance. This extended-length jacket combines a water-repellent outer shell with strategic layering to shield you from wind and moisture across seasons. The dual-closure system—zipper and button—provides redundant security, while generously proportioned pockets keep essentials accessible. Engineered from premium materials that resist the elements without compromising breathability, the Cleveland maintains its structure and appearance through repeated wear. Technical specifications Color: Black Gender: Men Shell: 67% Cotton, 33% Polyamide Lining: 100% Polyamide Insulation: 70% Duck Down, 30% Feathers Made in: Moldavia Manufacturer Woolrich Woolrich Europe S.p.A. 08005890834 Via della Cooperazione 21 40129 Bologna Italy customer.care@woolrich.com",https://cdn.shopify.com/s/files/1/0694/0862/0826/files/black-cotton-woolrich-jacket-53349491-1_2.webp?v=1763718172,https://cdn.shopify.com/s/files/1/0694/0862/0826/files/black-cotton-woolrich-jacket-53349491-2_2.webp?v=1763718172,,,,,,,,,,,,,,,"Coats, Coats & Jackets",Woolrich,Black,XXL,
8055204645030,love-moschino-dress-blue-woman-blue-40,Love Moschino Dress Blue Woman,1,451.48,,Love Moschino dark blue denim dress. Flared line with flounced skirt. Seams at waist and at breast height. V-neckline with slight rouge. Two inserted side pockets. Thin buttoned cuffs. Red rubberized logo tag applied on left pocket.,https://cdn.shopify.com/s/files/1/0694/0862/0826/files/634d023fb4998acd150583414f3d67dd_3f5f9a89-5da3-4ec4-9825-1a42c4f7866d.webp?v=1763719269,https://cdn.shopify.com/s/files/1/0694/0862/0826/files/233e1087d2dd869c05a0e9f528266584_91ec7e49-df7f-4d16-ac93-ca12ce7ee13e.webp?v=1763719269,https://cdn.shopify.com/s/files/1/0694/0862/0826/files/23391d0828bedae17d427d838c3c9f6c_bc6f8156-df28-4822-b39c-53aae01a3a27.webp?v=1763719269,https://cdn.shopify.com/s/files/1/0694/0862/0826/files/0badeb96ea6b7d09c760ea996fb37b39_22a56260-e56d-42ca-b6ce-c248aae872da.webp?v=1763719269,https://cdn.shopify.com/s/files/1/0694/0862/0826/files/285efa4cd7cea3a4483e02da900c486e_e693462b-4405-4528-b1f7-85b92321025b.webp?v=1763719269,https://cdn.shopify.com/s/files/1/0694/0862/0826/files/fb63de6fe6b95bd22f2a92bddd63478f_6d6d95a2-e11c-43d9-9373-6cd374f72774.webp?v=1763719270,,,,,,,,,,,"Dresses, Women",Love Moschino,Blue,40,
